{
  "BLINDED 250-row sample": {
    "coverage": 0.26,
    "DE": {
      "de_target_shift": [
        0.5345496894409938,
        0.4795517847268167,
        0.5899210010761164
      ],
      "de_target_shift_covered": [
        0.5464015151515151,
        0.40415792802689837,
        0.6904796113847838,
        65
      ],
      "de_cell_shift": [
        0.5245212215320911,
        0.47040259925114625,
        0.5805792187987746
      ],
      "de_cell_shift_covered": [
        0.3996212121212121,
        0.26302187996266946,
        0.5390249999999999,
        65
      ]
    },
    "DIR": {
      "dir_dlogit_allDE": [
        0.5584415584415584,
        0.46087216084717747,
        0.6563009147412338,
        112
      ],
      "dir_dlogit_covered": [
        0.6115702479338843,
        0.38092105263157894,
        0.8351648351648352,
        33
      ]
    }
  },
  "FULL train": {
    "coverage": 0.23153796236210253,
    "DE": {
      "de_target_shift": [
        0.51723846221986,
        0.5075499181304587,
        0.5267028585875817
      ],
      "de_target_shift_covered": [
        0.4773062855935444,
        0.4499882765154948,
        0.5023338517182508,
        1784
      ],
      "de_cell_shift": [
        0.5175504745940569,
        0.5079052038104228,
        0.5271093607796298
      ],
      "de_cell_shift_covered": [
        0.4830653965347232,
        0.4559383642274189,
        0.5097835212966815,
        1784
      ]
    },
    "DIR": {
      "dir_dlogit_allDE": [
        0.5268440212125968,
        0.5101092102169807,
        0.5435207645347879,
        3445
      ],
      "dir_dlogit_covered": [
        0.561741171198264,
        0.5204942966048128,
        0.6033203308573746,
        868
      ]
    }
  }
}